epoch,lr-AdamW,step,test/loss,test/mae,test/pearson,test/rmse,train/loss_epoch,train/loss_step,train/mae,train/pearson,train/rmse,val/loss,val/mae,val/pearson,val/rmse
,0.0005,0,,,,,,,,,,,,,
0,,9,,,,,,11.27978515625,,,,,,,
0,,19,,,,,,5.445818901062012,,,,,,,
0,,29,,,,,,2.864652156829834,,,,,,,
0,,39,,,,,,4.41979455947876,,,,,,,
0,,49,,,,,,0.2673325538635254,,,,,,,
0,,59,,,,,,2.4065117835998535,,,,,,,
0,,69,,,,,,3.1770401000976562,,,,,,,
0,,79,,,,,,2.4975075721740723,,,,,,,
0,,89,,,,,,7.809196949005127,,,,,,,
0,,99,,,,,,4.501673698425293,,,,,,,
0,,109,,,,,,3.134410858154297,,,,,,,
0,,119,,,,,,7.687099933624268,,,,,,,
0,,129,,,,,,3.0127110481262207,,,,,,,
0,,139,,,,,,2.7429540157318115,,,,,,,
0,,149,,,,,,6.897710800170898,,,,,,,
0,,159,,,,,,7.861510276794434,,,,,,,
0,,169,,,,,,2.5121586322784424,,,,,,,
0,,179,,,,,,5.422466278076172,,,,,,,
0,,189,,,,,,1.2873458862304688,,,,,,,
0,,199,,,,,,1.9340146780014038,,,,,,,
0,,209,,,,,,3.928530216217041,,,,,,,
0,,219,,,,,,2.5262019634246826,,,,,,,
0,,229,,,,,,3.2837772369384766,,,,,,,
0,,239,,,,,,5.253251552581787,,,,,,,
0,,249,,,,,,9.807297706604004,,,,,,,
0,,259,,,,,,3.9626150131225586,,,,,,,
0,,269,,,,,,4.400853157043457,,,,,,,
0,,279,,,,,,3.7886428833007812,,,,,,,
0,,289,,,,,,0.3614337146282196,,,,,,,
0,,299,,,,,,1.693190574645996,,,,,,,
0,,309,,,,,,3.157982349395752,,,,,,,
0,,319,,,,,,3.0053064823150635,,,,,,,
0,,329,,,,,,1.8925554752349854,,,,,,,
0,,339,,,,,,3.8081772327423096,,,,,,,
0,,349,,,,,,3.8625569343566895,,,,,,,
0,,359,,,,,,1.780555009841919,,,,,,,
0,,369,,,,,,4.764204025268555,,,,,,,
0,,379,,,,,,10.2052001953125,,,,,,,
0,,389,,,,,,3.6910855770111084,,,,,,,
0,,399,,,,,,3.5695419311523438,,,,,,,
0,,409,,,,,,4.462864398956299,,,,,,,
0,,419,,,,,,3.4317593574523926,,,,,,,
0,,429,,,,,,1.9222278594970703,,,,,,,
0,,437,,,,,,,,,,3.8656156063079834,1.5627388954162598,0.2257772982120514,1.9661169052124023
0,,437,,,,,4.497644424438477,,1.6743948459625244,0.21262867748737335,2.120764970779419,,,,
,0.0005,438,,,,,,,,,,,,,
1,,439,,,,,,2.099451780319214,,,,,,,
1,,449,,,,,,5.181757926940918,,,,,,,
1,,459,,,,,,2.2933783531188965,,,,,,,
1,,469,,,,,,1.441361665725708,,,,,,,
1,,479,,,,,,4.913392066955566,,,,,,,
1,,489,,,,,,2.0749263763427734,,,,,,,
1,,499,,,,,,6.064061164855957,,,,,,,
1,,509,,,,,,2.783621311187744,,,,,,,
1,,519,,,,,,2.4508962631225586,,,,,,,
1,,529,,,,,,2.0041699409484863,,,,,,,
1,,539,,,,,,8.155800819396973,,,,,,,
1,,549,,,,,,2.6445910930633545,,,,,,,
1,,559,,,,,,2.959285020828247,,,,,,,
1,,569,,,,,,5.311251640319824,,,,,,,
1,,579,,,,,,2.0119740962982178,,,,,,,
1,,589,,,,,,1.547924280166626,,,,,,,
1,,599,,,,,,2.778768301010132,,,,,,,
1,,609,,,,,,6.071056842803955,,,,,,,
1,,619,,,,,,2.164768695831299,,,,,,,
1,,629,,,,,,3.0608487129211426,,,,,,,
1,,639,,,,,,3.00704288482666,,,,,,,
1,,649,,,,,,2.292698860168457,,,,,,,
1,,659,,,,,,2.6927695274353027,,,,,,,
1,,669,,,,,,1.7205818891525269,,,,,,,
1,,679,,,,,,2.3433048725128174,,,,,,,
1,,689,,,,,,5.062368869781494,,,,,,,
1,,699,,,,,,0.9731047749519348,,,,,,,
1,,709,,,,,,5.18194580078125,,,,,,,
1,,719,,,,,,0.8402397632598877,,,,,,,
1,,729,,,,,,4.252622127532959,,,,,,,
1,,739,,,,,,1.891571283340454,,,,,,,
1,,749,,,,,,1.9586198329925537,,,,,,,
1,,759,,,,,,3.729785680770874,,,,,,,
1,,769,,,,,,5.1578779220581055,,,,,,,
1,,779,,,,,,3.3526363372802734,,,,,,,
1,,789,,,,,,3.9340364933013916,,,,,,,
1,,799,,,,,,2.908860445022583,,,,,,,
1,,809,,,,,,1.7382079362869263,,,,,,,
1,,819,,,,,,1.651618480682373,,,,,,,
1,,829,,,,,,2.0609428882598877,,,,,,,
1,,839,,,,,,2.455876350402832,,,,,,,
1,,849,,,,,,5.064375400543213,,,,,,,
1,,859,,,,,,5.236855506896973,,,,,,,
1,,869,,,,,,3.0070443153381348,,,,,,,
1,,875,,,,,,,,,,4.984337329864502,1.7948302030563354,0.43241408467292786,2.232563018798828
1,,875,,,,,3.341540813446045,,1.4647090435028076,0.4394645690917969,1.8279881477355957,,,,
,0.0005,876,,,,,,,,,,,,,
2,,879,,,,,,4.502349376678467,,,,,,,
2,,889,,,,,,2.527479648590088,,,,,,,
2,,899,,,,,,1.5270286798477173,,,,,,,
2,,909,,,,,,2.1547229290008545,,,,,,,
2,,919,,,,,,3.8752684593200684,,,,,,,
2,,929,,,,,,4.034172058105469,,,,,,,
2,,939,,,,,,6.415325164794922,,,,,,,
2,,949,,,,,,4.397164344787598,,,,,,,
2,,959,,,,,,2.5904288291931152,,,,,,,
2,,969,,,,,,0.838129997253418,,,,,,,
2,,979,,,,,,3.9853973388671875,,,,,,,
2,,989,,,,,,7.250608921051025,,,,,,,
2,,999,,,,,,3.9429221153259277,,,,,,,
2,,1009,,,,,,1.2002575397491455,,,,,,,
2,,1019,,,,,,9.497476577758789,,,,,,,
2,,1029,,,,,,1.5047892332077026,,,,,,,
2,,1039,,,,,,3.095585584640503,,,,,,,
2,,1049,,,,,,3.0315585136413574,,,,,,,
2,,1059,,,,,,4.44719123840332,,,,,,,
2,,1069,,,,,,0.9910134673118591,,,,,,,
2,,1079,,,,,,1.292969822883606,,,,,,,
2,,1089,,,,,,1.2639961242675781,,,,,,,
2,,1099,,,,,,1.9393651485443115,,,,,,,
2,,1109,,,,,,1.9049937725067139,,,,,,,
2,,1119,,,,,,2.1146340370178223,,,,,,,
2,,1129,,,,,,0.8181824684143066,,,,,,,
2,,1139,,,,,,0.964631974697113,,,,,,,
2,,1149,,,,,,6.877668380737305,,,,,,,
2,,1159,,,,,,2.0080699920654297,,,,,,,
2,,1169,,,,,,2.7971065044403076,,,,,,,
2,,1179,,,,,,1.9082837104797363,,,,,,,
2,,1189,,,,,,1.6675941944122314,,,,,,,
2,,1199,,,,,,1.9239990711212158,,,,,,,
2,,1209,,,,,,6.499765396118164,,,,,,,
2,,1219,,,,,,6.241830825805664,,,,,,,
2,,1229,,,,,,1.5268373489379883,,,,,,,
2,,1239,,,,,,3.500007152557373,,,,,,,
2,,1249,,,,,,2.337576389312744,,,,,,,
2,,1259,,,,,,2.1483848094940186,,,,,,,
2,,1269,,,,,,1.9493005275726318,,,,,,,
2,,1279,,,,,,2.871577739715576,,,,,,,
2,,1289,,,,,,1.4820917844772339,,,,,,,
2,,1299,,,,,,2.8246054649353027,,,,,,,
2,,1309,,,,,,1.7269190549850464,,,,,,,
2,,1313,,,,,,,,,,3.2032721042633057,1.4108392000198364,0.46122103929519653,1.7897686958312988
2,,1313,,,,,3.209754705429077,,1.4296096563339233,0.47579097747802734,1.7915788888931274,,,,
,0.0005,1314,,,,,,,,,,,,,
3,,1319,,,,,,2.8601343631744385,,,,,,,
3,,1329,,,,,,2.512052297592163,,,,,,,
3,,1339,,,,,,3.2430756092071533,,,,,,,
3,,1349,,,,,,4.110756874084473,,,,,,,
3,,1359,,,,,,3.5242815017700195,,,,,,,
3,,1369,,,,,,2.34574031829834,,,,,,,
3,,1379,,,,,,1.7419898509979248,,,,,,,
3,,1389,,,,,,4.9418864250183105,,,,,,,
3,,1399,,,,,,3.2300758361816406,,,,,,,
3,,1409,,,,,,1.570448875427246,,,,,,,
3,,1419,,,,,,1.959682583808899,,,,,,,
3,,1429,,,,,,2.3113837242126465,,,,,,,
3,,1439,,,,,,2.9331979751586914,,,,,,,
3,,1449,,,,,,1.620539903640747,,,,,,,
3,,1459,,,,,,4.328386306762695,,,,,,,
3,,1469,,,,,,4.111858367919922,,,,,,,
3,,1479,,,,,,2.8248820304870605,,,,,,,
3,,1489,,,,,,2.4539456367492676,,,,,,,
3,,1499,,,,,,4.127660274505615,,,,,,,
3,,1509,,,,,,2.2752163410186768,,,,,,,
3,,1519,,,,,,3.2254981994628906,,,,,,,
3,,1529,,,,,,1.788068175315857,,,,,,,
3,,1539,,,,,,1.596656322479248,,,,,,,
3,,1549,,,,,,7.340932846069336,,,,,,,
3,,1559,,,,,,2.1875147819519043,,,,,,,
3,,1569,,,,,,1.0924007892608643,,,,,,,
3,,1579,,,,,,6.773318290710449,,,,,,,
3,,1589,,,,,,1.1681208610534668,,,,,,,
3,,1599,,,,,,3.1352107524871826,,,,,,,
3,,1609,,,,,,1.414376974105835,,,,,,,
3,,1619,,,,,,2.994734525680542,,,,,,,
3,,1629,,,,,,1.7618098258972168,,,,,,,
3,,1639,,,,,,5.056585311889648,,,,,,,
3,,1649,,,,,,1.7359031438827515,,,,,,,
3,,1659,,,,,,4.413659572601318,,,,,,,
3,,1669,,,,,,3.9723381996154785,,,,,,,
3,,1679,,,,,,3.888744592666626,,,,,,,
3,,1689,,,,,,2.547757148742676,,,,,,,
3,,1699,,,,,,4.263246059417725,,,,,,,
3,,1709,,,,,,3.350506067276001,,,,,,,
3,,1719,,,,,,1.6576250791549683,,,,,,,
3,,1729,,,,,,2.5186805725097656,,,,,,,
3,,1739,,,,,,4.720863342285156,,,,,,,
3,,1749,,,,,,1.4411288499832153,,,,,,,
3,,1751,,,,,,,,,,3.433955430984497,1.485044240951538,0.4086463153362274,1.8530935049057007
3,,1751,,,,,3.04557466506958,,1.4047958850860596,0.512736976146698,1.7451574802398682,,,,
,0.0005,1752,,,,,,,,,,,,,
4,,1759,,,,,,4.358145236968994,,,,,,,
4,,1769,,,,,,1.7750294208526611,,,,,,,
4,,1779,,,,,,5.276598930358887,,,,,,,
4,,1789,,,,,,3.5446600914001465,,,,,,,
4,,1799,,,,,,4.816309928894043,,,,,,,
4,,1809,,,,,,2.0969715118408203,,,,,,,
4,,1819,,,,,,0.9438579082489014,,,,,,,
4,,1829,,,,,,4.6777143478393555,,,,,,,
4,,1839,,,,,,3.95869779586792,,,,,,,
4,,1849,,,,,,5.880126476287842,,,,,,,
4,,1859,,,,,,2.0230627059936523,,,,,,,
4,,1869,,,,,,2.602865219116211,,,,,,,
4,,1879,,,,,,1.5059447288513184,,,,,,,
4,,1889,,,,,,1.470301866531372,,,,,,,
4,,1899,,,,,,2.832300901412964,,,,,,,
4,,1909,,,,,,3.4997782707214355,,,,,,,
4,,1919,,,,,,1.9141992330551147,,,,,,,
4,,1929,,,,,,0.7733993530273438,,,,,,,
4,,1939,,,,,,3.5274300575256348,,,,,,,
4,,1949,,,,,,1.9750652313232422,,,,,,,
4,,1959,,,,,,1.234800934791565,,,,,,,
4,,1969,,,,,,3.568164110183716,,,,,,,
4,,1979,,,,,,2.299808979034424,,,,,,,
4,,1989,,,,,,6.333614349365234,,,,,,,
4,,1999,,,,,,4.736945152282715,,,,,,,
4,,2009,,,,,,4.338345050811768,,,,,,,
4,,2019,,,,,,3.223548412322998,,,,,,,
4,,2029,,,,,,4.417362689971924,,,,,,,
4,,2039,,,,,,1.5371474027633667,,,,,,,
4,,2049,,,,,,1.7831482887268066,,,,,,,
4,,2059,,,,,,4.345600128173828,,,,,,,
4,,2069,,,,,,3.9739768505096436,,,,,,,
4,,2079,,,,,,4.1357245445251465,,,,,,,
4,,2089,,,,,,4.295024871826172,,,,,,,
4,,2099,,,,,,4.787243366241455,,,,,,,
4,,2109,,,,,,1.4266908168792725,,,,,,,
4,,2119,,,,,,0.732089638710022,,,,,,,
4,,2129,,,,,,2.3724355697631836,,,,,,,
4,,2139,,,,,,6.485543727874756,,,,,,,
4,,2149,,,,,,0.7081530094146729,,,,,,,
4,,2159,,,,,,1.4833743572235107,,,,,,,
4,,2169,,,,,,2.3609251976013184,,,,,,,
4,,2179,,,,,,3.317659854888916,,,,,,,
4,,2189,,,,,,1.8444433212280273,,,,,,,
4,,2189,,,,,,,,,,3.726057291030884,1.528408408164978,0.351007342338562,1.9302997589111328
4,,2189,,,,,3.0035641193389893,,1.378832221031189,0.5202823877334595,1.733079433441162,,,,
,0.0005,2190,,,,,,,,,,,,,
5,,2199,,,,,,2.4161643981933594,,,,,,,
5,,2209,,,,,,6.718262195587158,,,,,,,
5,,2219,,,,,,3.0217223167419434,,,,,,,
5,,2229,,,,,,2.902341365814209,,,,,,,
5,,2239,,,,,,1.54763925075531,,,,,,,
5,,2249,,,,,,1.918351173400879,,,,,,,
5,,2259,,,,,,1.0526297092437744,,,,,,,
5,,2269,,,,,,2.486905574798584,,,,,,,
5,,2279,,,,,,2.104672908782959,,,,,,,
5,,2289,,,,,,1.2298617362976074,,,,,,,
5,,2299,,,,,,2.2255704402923584,,,,,,,
5,,2309,,,,,,5.113389015197754,,,,,,,
5,,2319,,,,,,1.919323205947876,,,,,,,
5,,2329,,,,,,3.442246437072754,,,,,,,
5,,2339,,,,,,4.77926778793335,,,,,,,
5,,2349,,,,,,1.4279292821884155,,,,,,,
5,,2359,,,,,,0.7503672242164612,,,,,,,
5,,2369,,,,,,4.906436920166016,,,,,,,
5,,2379,,,,,,4.893643379211426,,,,,,,
5,,2389,,,,,,2.330899715423584,,,,,,,
5,,2399,,,,,,0.6179722547531128,,,,,,,
5,,2409,,,,,,3.464514970779419,,,,,,,
5,,2419,,,,,,3.6829776763916016,,,,,,,
5,,2429,,,,,,2.3243000507354736,,,,,,,
5,,2439,,,,,,2.746074914932251,,,,,,,
5,,2449,,,,,,1.2064719200134277,,,,,,,
5,,2459,,,,,,4.051589012145996,,,,,,,
5,,2469,,,,,,4.469902038574219,,,,,,,
5,,2479,,,,,,1.7642706632614136,,,,,,,
5,,2489,,,,,,3.2202084064483643,,,,,,,
5,,2499,,,,,,1.786718487739563,,,,,,,
5,,2509,,,,,,3.0652949810028076,,,,,,,
5,,2519,,,,,,5.974514484405518,,,,,,,
5,,2529,,,,,,4.0715227127075195,,,,,,,
5,,2539,,,,,,4.087132930755615,,,,,,,
5,,2549,,,,,,2.630581855773926,,,,,,,
5,,2559,,,,,,4.392271995544434,,,,,,,
5,,2569,,,,,,2.4703211784362793,,,,,,,
5,,2579,,,,,,3.695736885070801,,,,,,,
5,,2589,,,,,,1.9259477853775024,,,,,,,
5,,2599,,,,,,1.9323452711105347,,,,,,,
5,,2609,,,,,,3.8770337104797363,,,,,,,
5,,2619,,,,,,2.221449851989746,,,,,,,
5,,2627,,,,,,,,,,3.630046844482422,1.5286308526992798,0.3586203455924988,1.9052681922912598
5,,2627,,,,,2.8636393547058105,,1.3513120412826538,0.546718955039978,1.692229151725769,,,,
,0.0005,2628,,,,,,,,,,,,,
6,,2629,,,,,,3.7519967555999756,,,,,,,
6,,2639,,,,,,5.743123531341553,,,,,,,
6,,2649,,,,,,1.240954875946045,,,,,,,
6,,2659,,,,,,0.9932522773742676,,,,,,,
6,,2669,,,,,,1.683911919593811,,,,,,,
6,,2679,,,,,,1.9740989208221436,,,,,,,
6,,2689,,,,,,3.33357572555542,,,,,,,
6,,2699,,,,,,2.328705072402954,,,,,,,
6,,2709,,,,,,2.3117384910583496,,,,,,,
6,,2719,,,,,,1.4968678951263428,,,,,,,
6,,2729,,,,,,1.4124187231063843,,,,,,,
6,,2739,,,,,,3.530602216720581,,,,,,,
6,,2749,,,,,,5.67355489730835,,,,,,,
6,,2759,,,,,,1.7068836688995361,,,,,,,
6,,2769,,,,,,2.435861349105835,,,,,,,
6,,2779,,,,,,1.9481828212738037,,,,,,,
6,,2789,,,,,,2.3896450996398926,,,,,,,
6,,2799,,,,,,1.2268245220184326,,,,,,,
6,,2809,,,,,,4.150218486785889,,,,,,,
6,,2819,,,,,,4.938540458679199,,,,,,,
6,,2829,,,,,,4.484110355377197,,,,,,,
6,,2839,,,,,,1.6687427759170532,,,,,,,
6,,2849,,,,,,1.5832549333572388,,,,,,,
6,,2859,,,,,,2.4907522201538086,,,,,,,
6,,2869,,,,,,3.6193954944610596,,,,,,,
6,,2879,,,,,,2.943617820739746,,,,,,,
6,,2889,,,,,,1.0617165565490723,,,,,,,
6,,2899,,,,,,6.899722099304199,,,,,,,
6,,2909,,,,,,0.9822635650634766,,,,,,,
6,,2919,,,,,,1.275444746017456,,,,,,,
6,,2929,,,,,,3.0576558113098145,,,,,,,
6,,2939,,,,,,1.3852405548095703,,,,,,,
6,,2949,,,,,,1.6568940877914429,,,,,,,
6,,2959,,,,,,1.7797648906707764,,,,,,,
6,,2969,,,,,,2.2607815265655518,,,,,,,
6,,2979,,,,,,1.9133435487747192,,,,,,,
6,,2989,,,,,,5.684049606323242,,,,,,,
6,,2999,,,,,,3.7446179389953613,,,,,,,
6,,3009,,,,,,2.274003744125366,,,,,,,
6,,3019,,,,,,1.8312710523605347,,,,,,,
6,,3029,,,,,,3.669689893722534,,,,,,,
6,,3039,,,,,,1.6683084964752197,,,,,,,
6,,3049,,,,,,2.9967665672302246,,,,,,,
6,,3059,,,,,,1.0648316144943237,,,,,,,
6,,3065,,,,,,,,,,3.370950222015381,1.4642322063446045,0.4721851944923401,1.836014747619629
6,,3065,,,,,2.9163804054260254,,1.364588737487793,0.5357306003570557,1.7077412605285645,,,,
,0.0005,3066,,,,,,,,,,,,,
7,,3069,,,,,,1.885101556777954,,,,,,,
7,,3079,,,,,,2.4267611503601074,,,,,,,
7,,3089,,,,,,1.2129391431808472,,,,,,,
7,,3099,,,,,,1.0978617668151855,,,,,,,
7,,3109,,,,,,4.175769805908203,,,,,,,
7,,3119,,,,,,1.0534567832946777,,,,,,,
7,,3129,,,,,,3.418896198272705,,,,,,,
7,,3139,,,,,,2.3138909339904785,,,,,,,
7,,3149,,,,,,4.136384010314941,,,,,,,
7,,3159,,,,,,3.194204807281494,,,,,,,
7,,3169,,,,,,4.8645830154418945,,,,,,,
7,,3179,,,,,,3.9146807193756104,,,,,,,
7,,3189,,,,,,5.628687381744385,,,,,,,
7,,3199,,,,,,2.4140257835388184,,,,,,,
7,,3209,,,,,,3.2658543586730957,,,,,,,
7,,3219,,,,,,2.7015371322631836,,,,,,,
7,,3229,,,,,,3.4191253185272217,,,,,,,
7,,3239,,,,,,6.863656997680664,,,,,,,
7,,3249,,,,,,4.370059967041016,,,,,,,
7,,3259,,,,,,4.012676239013672,,,,,,,
7,,3269,,,,,,4.684658050537109,,,,,,,
7,,3279,,,,,,4.4759111404418945,,,,,,,
7,,3289,,,,,,3.0337233543395996,,,,,,,
7,,3299,,,,,,1.2236292362213135,,,,,,,
7,,3309,,,,,,1.074582576751709,,,,,,,
7,,3319,,,,,,1.5954785346984863,,,,,,,
7,,3329,,,,,,3.8972883224487305,,,,,,,
7,,3339,,,,,,2.5078718662261963,,,,,,,
7,,3349,,,,,,3.0844569206237793,,,,,,,
7,,3359,,,,,,3.239797592163086,,,,,,,
7,,3369,,,,,,2.2318053245544434,,,,,,,
7,,3379,,,,,,1.011333703994751,,,,,,,
7,,3389,,,,,,0.8568577766418457,,,,,,,
7,,3399,,,,,,7.698121547698975,,,,,,,
7,,3409,,,,,,2.339869737625122,,,,,,,
7,,3419,,,,,,3.5537476539611816,,,,,,,
7,,3429,,,,,,4.264748573303223,,,,,,,
7,,3439,,,,,,1.0313512086868286,,,,,,,
7,,3449,,,,,,3.4756505489349365,,,,,,,
7,,3459,,,,,,7.567644119262695,,,,,,,
7,,3469,,,,,,2.711880683898926,,,,,,,
7,,3479,,,,,,2.7418320178985596,,,,,,,
7,,3489,,,,,,1.5463531017303467,,,,,,,
7,,3499,,,,,,1.5353163480758667,,,,,,,
7,,3503,,,,,,,,,,3.381748676300049,1.4490578174591064,0.43064650893211365,1.8389531373977661
7,,3503,,,,,2.771625280380249,,1.325148105621338,0.5618411898612976,1.6648198366165161,,,,
,0.0005,3504,,,,,,,,,,,,,
8,,3509,,,,,,2.719022274017334,,,,,,,
8,,3519,,,,,,0.2590084969997406,,,,,,,
8,,3529,,,,,,1.9533076286315918,,,,,,,
8,,3539,,,,,,1.8952445983886719,,,,,,,
8,,3549,,,,,,4.073360443115234,,,,,,,
8,,3559,,,,,,1.7629319429397583,,,,,,,
8,,3569,,,,,,1.1236820220947266,,,,,,,
8,,3579,,,,,,2.0574986934661865,,,,,,,
8,,3589,,,,,,2.1307430267333984,,,,,,,
8,,3599,,,,,,1.1645177602767944,,,,,,,
8,,3609,,,,,,2.106992244720459,,,,,,,
8,,3619,,,,,,0.9133156538009644,,,,,,,
8,,3629,,,,,,4.673409461975098,,,,,,,
8,,3639,,,,,,2.158498764038086,,,,,,,
8,,3649,,,,,,2.886232852935791,,,,,,,
8,,3659,,,,,,2.454712390899658,,,,,,,
8,,3669,,,,,,2.045668125152588,,,,,,,
8,,3679,,,,,,1.131567120552063,,,,,,,
8,,3689,,,,,,2.1982853412628174,,,,,,,
8,,3699,,,,,,2.676710605621338,,,,,,,
8,,3709,,,,,,1.5662754774093628,,,,,,,
8,,3719,,,,,,1.746382474899292,,,,,,,
8,,3729,,,,,,1.670290470123291,,,,,,,
8,,3739,,,,,,1.7812708616256714,,,,,,,
8,,3749,,,,,,0.5220069289207458,,,,,,,
8,,3759,,,,,,1.1430085897445679,,,,,,,
8,,3769,,,,,,2.7802023887634277,,,,,,,
8,,3779,,,,,,3.4818344116210938,,,,,,,
8,,3789,,,,,,1.3966469764709473,,,,,,,
8,,3799,,,,,,5.187021732330322,,,,,,,
8,,3809,,,,,,0.9945900440216064,,,,,,,
8,,3819,,,,,,2.2999367713928223,,,,,,,
8,,3829,,,,,,5.330315113067627,,,,,,,
8,,3839,,,,,,0.992915153503418,,,,,,,
8,,3849,,,,,,0.5541862845420837,,,,,,,
8,,3859,,,,,,2.6744637489318848,,,,,,,
8,,3869,,,,,,4.146166801452637,,,,,,,
8,,3879,,,,,,2.3940937519073486,,,,,,,
8,,3889,,,,,,1.2484105825424194,,,,,,,
8,,3899,,,,,,5.051332473754883,,,,,,,
8,,3909,,,,,,2.8860461711883545,,,,,,,
8,,3919,,,,,,1.4556691646575928,,,,,,,
8,,3929,,,,,,1.191744327545166,,,,,,,
8,,3939,,,,,,2.2794411182403564,,,,,,,
8,,3941,,,,,,,,,,3.707836151123047,1.5409424304962158,0.38005316257476807,1.9255741834640503
8,,3941,,,,,2.6866965293884277,,1.3038835525512695,0.5807369947433472,1.639114499092102,,,,
,0.0005,3942,,,,,,,,,,,,,
9,,3949,,,,,,1.850386381149292,,,,,,,
9,,3959,,,,,,1.9002962112426758,,,,,,,
9,,3969,,,,,,1.4523580074310303,,,,,,,
9,,3979,,,,,,1.3370251655578613,,,,,,,
9,,3989,,,,,,0.9802792072296143,,,,,,,
9,,3999,,,,,,1.6111094951629639,,,,,,,
9,,4009,,,,,,5.2300872802734375,,,,,,,
9,,4019,,,,,,2.35306978225708,,,,,,,
9,,4029,,,,,,7.4584550857543945,,,,,,,
9,,4039,,,,,,3.637877941131592,,,,,,,
9,,4049,,,,,,1.4015707969665527,,,,,,,
9,,4059,,,,,,1.4673188924789429,,,,,,,
9,,4069,,,,,,1.5842375755310059,,,,,,,
9,,4079,,,,,,3.9083433151245117,,,,,,,
9,,4089,,,,,,1.909534215927124,,,,,,,
9,,4099,,,,,,1.3657439947128296,,,,,,,
9,,4109,,,,,,2.03291916847229,,,,,,,
9,,4119,,,,,,1.6533544063568115,,,,,,,
9,,4129,,,,,,3.4115030765533447,,,,,,,
9,,4139,,,,,,2.3811700344085693,,,,,,,
9,,4149,,,,,,0.8303271532058716,,,,,,,
9,,4159,,,,,,3.215423583984375,,,,,,,
9,,4169,,,,,,1.575700283050537,,,,,,,
9,,4179,,,,,,4.290798664093018,,,,,,,
9,,4189,,,,,,3.403107166290283,,,,,,,
9,,4199,,,,,,2.7961103916168213,,,,,,,
9,,4209,,,,,,2.150567054748535,,,,,,,
9,,4219,,,,,,4.769198417663574,,,,,,,
9,,4229,,,,,,1.9916821718215942,,,,,,,
9,,4239,,,,,,1.2293952703475952,,,,,,,
9,,4249,,,,,,1.1890736818313599,,,,,,,
9,,4259,,,,,,0.6298618912696838,,,,,,,
9,,4269,,,,,,2.3529911041259766,,,,,,,
9,,4279,,,,,,0.9982939958572388,,,,,,,
9,,4289,,,,,,4.883080959320068,,,,,,,
9,,4299,,,,,,0.8946146965026855,,,,,,,
9,,4309,,,,,,3.506166696548462,,,,,,,
9,,4319,,,,,,1.994513750076294,,,,,,,
9,,4329,,,,,,3.2765419483184814,,,,,,,
9,,4339,,,,,,3.565585136413574,,,,,,,
9,,4349,,,,,,4.402187824249268,,,,,,,
9,,4359,,,,,,2.8261423110961914,,,,,,,
9,,4369,,,,,,2.7289609909057617,,,,,,,
9,,4379,,,,,,0.9047703742980957,,,,,,,
9,,4379,,,,,,,,,,3.5065813064575195,1.4791065454483032,0.37906333804130554,1.8725868463516235
9,,4379,,,,,2.6183032989501953,,1.2825831174850464,0.5947888493537903,1.6181172132492065,,,,
,0.0005,4380,,,,,,,,,,,,,
10,,4389,,,,,,1.6773886680603027,,,,,,,
10,,4399,,,,,,1.627538800239563,,,,,,,
10,,4409,,,,,,0.7298680543899536,,,,,,,
10,,4419,,,,,,1.5961363315582275,,,,,,,
10,,4429,,,,,,1.0561059713363647,,,,,,,
10,,4439,,,,,,0.5998884439468384,,,,,,,
10,,4449,,,,,,2.5652503967285156,,,,,,,
10,,4459,,,,,,3.096485137939453,,,,,,,
10,,4469,,,,,,6.685444355010986,,,,,,,
10,,4479,,,,,,3.7483954429626465,,,,,,,
10,,4489,,,,,,4.730016231536865,,,,,,,
10,,4499,,,,,,1.7498900890350342,,,,,,,
10,,4509,,,,,,1.651578664779663,,,,,,,
10,,4519,,,,,,6.0558390617370605,,,,,,,
10,,4529,,,,,,1.8725838661193848,,,,,,,
10,,4539,,,,,,0.9878137111663818,,,,,,,
10,,4549,,,,,,3.2116289138793945,,,,,,,
10,,4559,,,,,,4.803043365478516,,,,,,,
10,,4569,,,,,,4.296206474304199,,,,,,,
10,,4579,,,,,,4.635473251342773,,,,,,,
10,,4589,,,,,,1.5912377834320068,,,,,,,
10,,4599,,,,,,5.384893417358398,,,,,,,
10,,4609,,,,,,1.463663935661316,,,,,,,
10,,4619,,,,,,1.0397385358810425,,,,,,,
10,,4629,,,,,,1.626120686531067,,,,,,,
10,,4639,,,,,,2.634261131286621,,,,,,,
10,,4649,,,,,,2.578674077987671,,,,,,,
10,,4659,,,,,,3.4255518913269043,,,,,,,
10,,4669,,,,,,4.408145904541016,,,,,,,
10,,4679,,,,,,1.1832232475280762,,,,,,,
10,,4689,,,,,,2.259943723678589,,,,,,,
10,,4699,,,,,,0.31080618500709534,,,,,,,
10,,4709,,,,,,1.4373815059661865,,,,,,,
10,,4719,,,,,,4.700958251953125,,,,,,,
10,,4729,,,,,,2.151921510696411,,,,,,,
10,,4739,,,,,,7.0257887840271,,,,,,,
10,,4749,,,,,,3.0678305625915527,,,,,,,
10,,4759,,,,,,2.4960451126098633,,,,,,,
10,,4769,,,,,,2.929349184036255,,,,,,,
10,,4779,,,,,,1.297993540763855,,,,,,,
10,,4789,,,,,,4.222156047821045,,,,,,,
10,,4799,,,,,,3.2899556159973145,,,,,,,
10,,4809,,,,,,4.895038604736328,,,,,,,
10,,4817,,,,,,,,,,4.039414882659912,1.6017380952835083,0.36935293674468994,2.009829521179199
10,,4817,,,,,2.7063863277435303,,1.3112049102783203,0.5817164778709412,1.64510977268219,,,,
,0.0005,4818,,,,,,,,,,,,,
11,,4819,,,,,,2.0632247924804688,,,,,,,
11,,4829,,,,,,3.743251085281372,,,,,,,
11,,4839,,,,,,7.727959156036377,,,,,,,
11,,4849,,,,,,4.003498077392578,,,,,,,
11,,4859,,,,,,1.775696039199829,,,,,,,
11,,4869,,,,,,2.1110970973968506,,,,,,,
11,,4879,,,,,,2.1480417251586914,,,,,,,
11,,4889,,,,,,2.4414989948272705,,,,,,,
11,,4899,,,,,,2.797846794128418,,,,,,,
11,,4909,,,,,,3.126044750213623,,,,,,,
11,,4919,,,,,,2.8682734966278076,,,,,,,
11,,4929,,,,,,5.206377983093262,,,,,,,
11,,4939,,,,,,1.4856761693954468,,,,,,,
11,,4949,,,,,,2.5451393127441406,,,,,,,
11,,4959,,,,,,1.0338389873504639,,,,,,,
11,,4969,,,,,,2.2126073837280273,,,,,,,
11,,4979,,,,,,3.7301836013793945,,,,,,,
11,,4989,,,,,,2.3993682861328125,,,,,,,
11,,4999,,,,,,6.300217628479004,,,,,,,
11,,5009,,,,,,0.8601747751235962,,,,,,,
11,,5019,,,,,,4.3235764503479,,,,,,,
11,,5029,,,,,,0.9591055512428284,,,,,,,
11,,5039,,,,,,5.144893646240234,,,,,,,
11,,5049,,,,,,0.9386308789253235,,,,,,,
11,,5059,,,,,,2.929474115371704,,,,,,,
11,,5069,,,,,,2.3771791458129883,,,,,,,
11,,5079,,,,,,2.4837489128112793,,,,,,,
11,,5089,,,,,,1.2860692739486694,,,,,,,
11,,5099,,,,,,0.6174813508987427,,,,,,,
11,,5109,,,,,,3.268338203430176,,,,,,,
11,,5119,,,,,,1.8828961849212646,,,,,,,
11,,5129,,,,,,5.630499839782715,,,,,,,
11,,5139,,,,,,3.0139694213867188,,,,,,,
11,,5149,,,,,,2.5078630447387695,,,,,,,
11,,5159,,,,,,2.659499406814575,,,,,,,
11,,5169,,,,,,1.7128269672393799,,,,,,,
11,,5179,,,,,,2.2466118335723877,,,,,,,
11,,5189,,,,,,1.5975761413574219,,,,,,,
11,,5199,,,,,,2.427173137664795,,,,,,,
11,,5209,,,,,,2.5694918632507324,,,,,,,
11,,5219,,,,,,1.4415091276168823,,,,,,,
11,,5229,,,,,,1.9149572849273682,,,,,,,
11,,5239,,,,,,1.6082072257995605,,,,,,,
11,,5249,,,,,,1.7564624547958374,,,,,,,
11,,5255,,,,,,,,,,3.4826815128326416,1.5094083547592163,0.36805057525634766,1.8661943674087524
11,,5255,,,,,2.5962934494018555,,1.2745658159255981,0.5969748497009277,1.6113017797470093,,,,
,0.0005,5256,,,,,,,,,,,,,
12,,5259,,,,,,1.6782357692718506,,,,,,,
12,,5269,,,,,,1.0898423194885254,,,,,,,
12,,5279,,,,,,5.288126468658447,,,,,,,
12,,5289,,,,,,2.17844557762146,,,,,,,
12,,5299,,,,,,2.019235849380493,,,,,,,
12,,5309,,,,,,2.275883436203003,,,,,,,
12,,5319,,,,,,2.236750841140747,,,,,,,
12,,5329,,,,,,0.9460579752922058,,,,,,,
12,,5339,,,,,,2.8919057846069336,,,,,,,
12,,5349,,,,,,0.9739202260971069,,,,,,,
12,,5359,,,,,,2.9800500869750977,,,,,,,
12,,5369,,,,,,3.336846351623535,,,,,,,
12,,5379,,,,,,7.237330913543701,,,,,,,
12,,5389,,,,,,1.9409737586975098,,,,,,,
12,,5399,,,,,,4.72861385345459,,,,,,,
12,,5409,,,,,,0.8245569467544556,,,,,,,
12,,5419,,,,,,6.627702713012695,,,,,,,
12,,5429,,,,,,0.5915982723236084,,,,,,,
12,,5439,,,,,,2.234127998352051,,,,,,,
12,,5449,,,,,,5.593194007873535,,,,,,,
12,,5459,,,,,,2.274615526199341,,,,,,,
12,,5469,,,,,,6.424309730529785,,,,,,,
12,,5479,,,,,,1.3992935419082642,,,,,,,
12,,5489,,,,,,5.8032145500183105,,,,,,,
12,,5499,,,,,,3.49881911277771,,,,,,,
12,,5509,,,,,,2.1891446113586426,,,,,,,
12,,5519,,,,,,4.365533828735352,,,,,,,
12,,5529,,,,,,1.7741339206695557,,,,,,,
12,,5539,,,,,,2.2572572231292725,,,,,,,
12,,5549,,,,,,2.4141197204589844,,,,,,,
12,,5559,,,,,,1.7071247100830078,,,,,,,
12,,5569,,,,,,5.4325337409973145,,,,,,,
12,,5579,,,,,,2.6121363639831543,,,,,,,
12,,5589,,,,,,0.8888170123100281,,,,,,,
12,,5599,,,,,,1.9668201208114624,,,,,,,
12,,5609,,,,,,1.0889475345611572,,,,,,,
12,,5619,,,,,,1.4468220472335815,,,,,,,
12,,5629,,,,,,4.787862777709961,,,,,,,
12,,5639,,,,,,2.433073043823242,,,,,,,
12,,5649,,,,,,4.175737380981445,,,,,,,
12,,5659,,,,,,2.467428684234619,,,,,,,
12,,5669,,,,,,2.6788830757141113,,,,,,,
12,,5679,,,,,,3.378898859024048,,,,,,,
12,,5689,,,,,,1.8475325107574463,,,,,,,
12,,5693,,,,,,,,,,3.8456039428710938,1.5533050298690796,0.36069318652153015,1.9610211849212646
12,,5693,,,,,2.6257615089416504,,1.2814931869506836,0.592025101184845,1.620420217514038,,,,
,0.0005,5694,,,,,,,,,,,,,
13,,5699,,,,,,3.3617875576019287,,,,,,,
13,,5709,,,,,,3.9792306423187256,,,,,,,
13,,5719,,,,,,1.027235507965088,,,,,,,
13,,5729,,,,,,4.6866302490234375,,,,,,,
13,,5739,,,,,,2.831684112548828,,,,,,,
13,,5749,,,,,,1.5866973400115967,,,,,,,
13,,5759,,,,,,2.6588006019592285,,,,,,,
13,,5769,,,,,,3.77907657623291,,,,,,,
13,,5779,,,,,,2.491283655166626,,,,,,,
13,,5789,,,,,,1.6067256927490234,,,,,,,
13,,5799,,,,,,4.527637004852295,,,,,,,
13,,5809,,,,,,2.965437412261963,,,,,,,
13,,5819,,,,,,3.897614002227783,,,,,,,
13,,5829,,,,,,4.865700721740723,,,,,,,
13,,5839,,,,,,1.4599192142486572,,,,,,,
13,,5849,,,,,,2.9915852546691895,,,,,,,
13,,5859,,,,,,2.269073009490967,,,,,,,
13,,5869,,,,,,1.534567952156067,,,,,,,
13,,5879,,,,,,2.238131523132324,,,,,,,
13,,5889,,,,,,2.3060615062713623,,,,,,,
13,,5899,,,,,,3.2329440116882324,,,,,,,
13,,5909,,,,,,1.2390942573547363,,,,,,,
13,,5919,,,,,,1.1263222694396973,,,,,,,
13,,5929,,,,,,1.4441192150115967,,,,,,,
13,,5939,,,,,,0.8850880861282349,,,,,,,
13,,5949,,,,,,6.050909042358398,,,,,,,
13,,5959,,,,,,2.7592437267303467,,,,,,,
13,,5969,,,,,,3.600851058959961,,,,,,,
13,,5979,,,,,,0.6974337697029114,,,,,,,
13,,5989,,,,,,3.1102967262268066,,,,,,,
13,,5999,,,,,,1.5551131963729858,,,,,,,
13,,6009,,,,,,4.567658424377441,,,,,,,
13,,6019,,,,,,1.9414490461349487,,,,,,,
13,,6029,,,,,,2.4458746910095215,,,,,,,
13,,6039,,,,,,2.3306610584259033,,,,,,,
13,,6049,,,,,,3.4460699558258057,,,,,,,
13,,6059,,,,,,0.504568338394165,,,,,,,
13,,6069,,,,,,3.7911460399627686,,,,,,,
13,,6079,,,,,,1.9035072326660156,,,,,,,
13,,6089,,,,,,4.0547637939453125,,,,,,,
13,,6099,,,,,,1.4318568706512451,,,,,,,
13,,6109,,,,,,2.7622463703155518,,,,,,,
13,,6119,,,,,,0.8538395762443542,,,,,,,
13,,6129,,,,,,2.51552414894104,,,,,,,
13,,6131,,,,,,,,,,3.8783984184265137,1.5587787628173828,0.26242464780807495,1.9693650007247925
13,,6131,,,,,2.6294257640838623,,1.276947021484375,0.5943238139152527,1.621550440788269,,,,
,0.00025,6132,,,,,,,,,,,,,
14,,6139,,,,,,2.218362808227539,,,,,,,
14,,6149,,,,,,2.0437867641448975,,,,,,,
14,,6159,,,,,,1.1900092363357544,,,,,,,
14,,6169,,,,,,2.479078531265259,,,,,,,
14,,6179,,,,,,2.128418445587158,,,,,,,
14,,6189,,,,,,2.3515636920928955,,,,,,,
14,,6199,,,,,,3.2854933738708496,,,,,,,
14,,6209,,,,,,2.166929006576538,,,,,,,
14,,6219,,,,,,1.5848302841186523,,,,,,,
14,,6229,,,,,,4.073591232299805,,,,,,,
14,,6239,,,,,,2.105868101119995,,,,,,,
14,,6249,,,,,,1.329697847366333,,,,,,,
14,,6259,,,,,,2.170114517211914,,,,,,,
14,,6269,,,,,,6.528571128845215,,,,,,,
14,,6279,,,,,,4.31022310256958,,,,,,,
14,,6289,,,,,,1.2746238708496094,,,,,,,
14,,6299,,,,,,2.7553491592407227,,,,,,,
14,,6309,,,,,,3.653674840927124,,,,,,,
14,,6319,,,,,,1.5705649852752686,,,,,,,
14,,6329,,,,,,2.073397636413574,,,,,,,
14,,6339,,,,,,8.279719352722168,,,,,,,
14,,6349,,,,,,2.9795660972595215,,,,,,,
14,,6359,,,,,,2.6595325469970703,,,,,,,
14,,6369,,,,,,2.1523525714874268,,,,,,,
14,,6379,,,,,,1.41514253616333,,,,,,,
14,,6389,,,,,,1.1285741329193115,,,,,,,
14,,6399,,,,,,2.336939811706543,,,,,,,
14,,6409,,,,,,0.8959962129592896,,,,,,,
14,,6419,,,,,,1.3752286434173584,,,,,,,
14,,6429,,,,,,2.96043062210083,,,,,,,
14,,6439,,,,,,2.444639205932617,,,,,,,
14,,6449,,,,,,1.3789499998092651,,,,,,,
14,,6459,,,,,,2.5484838485717773,,,,,,,
14,,6469,,,,,,2.108323097229004,,,,,,,
14,,6479,,,,,,3.2323477268218994,,,,,,,
14,,6489,,,,,,1.4939234256744385,,,,,,,
14,,6499,,,,,,4.545618534088135,,,,,,,
14,,6509,,,,,,1.2379968166351318,,,,,,,
14,,6519,,,,,,5.082167148590088,,,,,,,
14,,6529,,,,,,2.8489513397216797,,,,,,,
14,,6539,,,,,,3.8929033279418945,,,,,,,
14,,6549,,,,,,2.0004754066467285,,,,,,,
14,,6559,,,,,,1.6985348463058472,,,,,,,
14,,6569,,,,,,2.1868934631347656,,,,,,,
14,,6569,,,,,,,,,,3.8360321521759033,1.5752369165420532,0.3300917446613312,1.9585790634155273
14,,6569,,,,,2.397688865661621,,1.223109245300293,0.6351688504219055,1.5484472513198853,,,,
,0.00025,6570,,,,,,,,,,,,,
15,,6579,,,,,,0.9408857822418213,,,,,,,
15,,6589,,,,,,1.89389967918396,,,,,,,
15,,6599,,,,,,1.5839797258377075,,,,,,,
15,,6609,,,,,,2.0027709007263184,,,,,,,
15,,6619,,,,,,2.36826753616333,,,,,,,
15,,6629,,,,,,3.952601671218872,,,,,,,
15,,6639,,,,,,1.0659122467041016,,,,,,,
15,,6649,,,,,,4.2325944900512695,,,,,,,
15,,6659,,,,,,2.1095821857452393,,,,,,,
15,,6669,,,,,,1.283719778060913,,,,,,,
15,,6679,,,,,,1.6019048690795898,,,,,,,
15,,6689,,,,,,1.1886510848999023,,,,,,,
15,,6699,,,,,,1.0683343410491943,,,,,,,
15,,6709,,,,,,4.014625549316406,,,,,,,
15,,6719,,,,,,2.1395797729492188,,,,,,,
15,,6729,,,,,,2.8477864265441895,,,,,,,
15,,6739,,,,,,3.4482009410858154,,,,,,,
15,,6749,,,,,,1.3129363059997559,,,,,,,
15,,6759,,,,,,2.215095043182373,,,,,,,
15,,6769,,,,,,3.9516124725341797,,,,,,,
15,,6779,,,,,,2.4136738777160645,,,,,,,
15,,6789,,,,,,8.478667259216309,,,,,,,
15,,6799,,,,,,2.1812448501586914,,,,,,,
15,,6809,,,,,,2.25724458694458,,,,,,,
15,,6819,,,,,,2.2444851398468018,,,,,,,
15,,6829,,,,,,0.7552093267440796,,,,,,,
15,,6839,,,,,,2.880666732788086,,,,,,,
15,,6849,,,,,,1.5094410181045532,,,,,,,
15,,6859,,,,,,1.1965148448944092,,,,,,,
15,,6869,,,,,,1.2991394996643066,,,,,,,
15,,6879,,,,,,2.222659111022949,,,,,,,
15,,6889,,,,,,1.5009212493896484,,,,,,,
15,,6899,,,,,,1.0835139751434326,,,,,,,
15,,6909,,,,,,3.7675845623016357,,,,,,,
15,,6919,,,,,,2.1002554893493652,,,,,,,
15,,6929,,,,,,2.8383841514587402,,,,,,,
15,,6939,,,,,,2.4500885009765625,,,,,,,
15,,6949,,,,,,3.814486026763916,,,,,,,
15,,6959,,,,,,3.3810150623321533,,,,,,,
15,,6969,,,,,,1.3634638786315918,,,,,,,
15,,6979,,,,,,1.430217981338501,,,,,,,
15,,6989,,,,,,1.6736184358596802,,,,,,,
15,,6999,,,,,,2.104210376739502,,,,,,,
15,,7007,,,,,,,,,,4.002042293548584,1.6245949268341064,0.30654072761535645,2.0005104541778564
15,,7007,,,,,2.242804765701294,,1.1731984615325928,0.6653468012809753,1.497599720954895,,,,
,0.00025,7008,,,,,,,,,,,,,
16,,7009,,,,,,1.2718168497085571,,,,,,,
16,,7019,,,,,,2.884284257888794,,,,,,,
16,,7029,,,,,,1.5605696439743042,,,,,,,
16,,7039,,,,,,3.3908610343933105,,,,,,,
16,,7049,,,,,,1.3865528106689453,,,,,,,
16,,7059,,,,,,1.4374604225158691,,,,,,,
16,,7069,,,,,,3.7263472080230713,,,,,,,
16,,7079,,,,,,5.142679691314697,,,,,,,
16,,7089,,,,,,4.370232582092285,,,,,,,
16,,7099,,,,,,1.5210152864456177,,,,,,,
16,,7109,,,,,,1.6365547180175781,,,,,,,
16,,7119,,,,,,1.7058429718017578,,,,,,,
16,,7129,,,,,,0.8330530524253845,,,,,,,
16,,7139,,,,,,1.7127416133880615,,,,,,,
16,,7149,,,,,,1.2167162895202637,,,,,,,
16,,7159,,,,,,3.53123140335083,,,,,,,
16,,7169,,,,,,1.0873017311096191,,,,,,,
16,,7179,,,,,,4.472477912902832,,,,,,,
16,,7189,,,,,,1.6054438352584839,,,,,,,
16,,7199,,,,,,6.230120658874512,,,,,,,
16,,7209,,,,,,2.48720383644104,,,,,,,
16,,7219,,,,,,2.3480992317199707,,,,,,,
16,,7229,,,,,,0.9203833341598511,,,,,,,
16,,7239,,,,,,1.0312979221343994,,,,,,,
16,,7249,,,,,,1.9935334920883179,,,,,,,
16,,7259,,,,,,1.8619799613952637,,,,,,,
16,,7269,,,,,,0.8530334830284119,,,,,,,
16,,7279,,,,,,2.6569032669067383,,,,,,,
16,,7289,,,,,,1.4913077354431152,,,,,,,
16,,7299,,,,,,2.126673698425293,,,,,,,
16,,7309,,,,,,0.44765374064445496,,,,,,,
16,,7319,,,,,,1.654951810836792,,,,,,,
16,,7329,,,,,,2.2072606086730957,,,,,,,
16,,7339,,,,,,0.8901559710502625,,,,,,,
16,,7349,,,,,,2.1868324279785156,,,,,,,
16,,7359,,,,,,3.783705711364746,,,,,,,
16,,7369,,,,,,2.997918128967285,,,,,,,
16,,7379,,,,,,5.775158882141113,,,,,,,
16,,7389,,,,,,1.4086050987243652,,,,,,,
16,,7399,,,,,,2.561279296875,,,,,,,
16,,7409,,,,,,5.3390607833862305,,,,,,,
16,,7419,,,,,,1.3016514778137207,,,,,,,
16,,7429,,,,,,1.5365698337554932,,,,,,,
16,,7439,,,,,,3.137509822845459,,,,,,,
16,,7445,,,,,,,,,,4.615107536315918,1.707436442375183,0.26186802983283997,2.148280143737793
16,,7445,,,,,2.138209342956543,,1.154774785041809,0.6843178868293762,1.46226167678833,,,,
,0.00025,7446,,,,,,,,,,,,,
17,,7449,,,,,,1.8195574283599854,,,,,,,
17,,7459,,,,,,1.195351243019104,,,,,,,
17,,7469,,,,,,0.9210902452468872,,,,,,,
17,,7479,,,,,,2.195098876953125,,,,,,,
17,,7489,,,,,,2.777585506439209,,,,,,,
17,,7499,,,,,,1.555397391319275,,,,,,,
17,,7509,,,,,,5.035024642944336,,,,,,,
17,,7519,,,,,,1.6627519130706787,,,,,,,
17,,7529,,,,,,1.5570614337921143,,,,,,,
17,,7539,,,,,,5.6206440925598145,,,,,,,
17,,7549,,,,,,9.954302787780762,,,,,,,
17,,7559,,,,,,1.4649525880813599,,,,,,,
17,,7569,,,,,,2.26954984664917,,,,,,,
17,,7579,,,,,,1.7671582698822021,,,,,,,
17,,7589,,,,,,3.053617477416992,,,,,,,
17,,7599,,,,,,1.0877912044525146,,,,,,,
17,,7609,,,,,,1.6204471588134766,,,,,,,
17,,7619,,,,,,1.8242201805114746,,,,,,,
17,,7629,,,,,,1.787585735321045,,,,,,,
17,,7639,,,,,,0.6282838582992554,,,,,,,
17,,7649,,,,,,2.0563583374023438,,,,,,,
17,,7659,,,,,,1.8070063591003418,,,,,,,
17,,7669,,,,,,3.667620897293091,,,,,,,
17,,7679,,,,,,3.0767264366149902,,,,,,,
17,,7689,,,,,,1.3050479888916016,,,,,,,
17,,7699,,,,,,2.159973621368408,,,,,,,
17,,7709,,,,,,2.0889298915863037,,,,,,,
17,,7719,,,,,,1.8879231214523315,,,,,,,
17,,7729,,,,,,1.842254877090454,,,,,,,
17,,7739,,,,,,2.2376651763916016,,,,,,,
17,,7749,,,,,,1.3408417701721191,,,,,,,
17,,7759,,,,,,1.8254899978637695,,,,,,,
17,,7769,,,,,,2.1303935050964355,,,,,,,
17,,7779,,,,,,1.0425918102264404,,,,,,,
17,,7789,,,,,,2.3338634967803955,,,,,,,
17,,7799,,,,,,0.8718802332878113,,,,,,,
17,,7809,,,,,,1.3337929248809814,,,,,,,
17,,7819,,,,,,3.6238298416137695,,,,,,,
17,,7829,,,,,,2.011500835418701,,,,,,,
17,,7839,,,,,,1.834531545639038,,,,,,,
17,,7849,,,,,,1.5837678909301758,,,,,,,
17,,7859,,,,,,1.2873927354812622,,,,,,,
17,,7869,,,,,,3.3715362548828125,,,,,,,
17,,7879,,,,,,2.1358871459960938,,,,,,,
17,,7883,,,,,,,,,,4.093033790588379,1.6712478399276733,0.3292517364025116,2.0231246948242188
17,,7883,,,,,2.0363054275512695,,1.1225125789642334,0.7025808691978455,1.4269917011260986,,,,
,0.00025,7884,,,,,,,,,,,,,
18,,7889,,,,,,0.918174147605896,,,,,,,
18,,7899,,,,,,1.7368464469909668,,,,,,,
18,,7909,,,,,,1.4271821975708008,,,,,,,
18,,7919,,,,,,2.154276132583618,,,,,,,
18,,7929,,,,,,1.2065517902374268,,,,,,,
18,,7939,,,,,,4.055903434753418,,,,,,,
18,,7949,,,,,,3.887042999267578,,,,,,,
18,,7959,,,,,,1.986154556274414,,,,,,,
18,,7969,,,,,,7.474461555480957,,,,,,,
18,,7979,,,,,,1.9734398126602173,,,,,,,
18,,7989,,,,,,4.23710298538208,,,,,,,
18,,7999,,,,,,1.8730489015579224,,,,,,,
18,,8009,,,,,,1.7442140579223633,,,,,,,
18,,8019,,,,,,3.046799659729004,,,,,,,
18,,8029,,,,,,0.9027929306030273,,,,,,,
18,,8039,,,,,,0.43994784355163574,,,,,,,
18,,8049,,,,,,1.5748740434646606,,,,,,,
18,,8059,,,,,,1.0806236267089844,,,,,,,
18,,8069,,,,,,1.5791525840759277,,,,,,,
18,,8079,,,,,,0.7527613639831543,,,,,,,
18,,8089,,,,,,1.6591272354125977,,,,,,,
18,,8099,,,,,,1.8812721967697144,,,,,,,
18,,8109,,,,,,1.0781943798065186,,,,,,,
18,,8119,,,,,,3.3344011306762695,,,,,,,
18,,8129,,,,,,1.2629380226135254,,,,,,,
18,,8139,,,,,,1.1989388465881348,,,,,,,
18,,8149,,,,,,1.4809762239456177,,,,,,,
18,,8159,,,,,,2.3713219165802,,,,,,,
18,,8169,,,,,,0.8348028063774109,,,,,,,
18,,8179,,,,,,0.7413619160652161,,,,,,,
18,,8189,,,,,,1.5366995334625244,,,,,,,
18,,8199,,,,,,1.9614310264587402,,,,,,,
18,,8209,,,,,,6.928215980529785,,,,,,,
18,,8219,,,,,,1.9223018884658813,,,,,,,
18,,8229,,,,,,2.530986785888672,,,,,,,
18,,8239,,,,,,1.4863967895507812,,,,,,,
18,,8249,,,,,,1.2990217208862305,,,,,,,
18,,8259,,,,,,1.1986668109893799,,,,,,,
18,,8269,,,,,,1.2925869226455688,,,,,,,
18,,8279,,,,,,1.4188138246536255,,,,,,,
18,,8289,,,,,,0.6297147274017334,,,,,,,
18,,8299,,,,,,1.3740527629852295,,,,,,,
18,,8309,,,,,,1.1695692539215088,,,,,,,
18,,8319,,,,,,2.918483257293701,,,,,,,
18,,8321,,,,,,,,,,3.720097541809082,1.538644552230835,0.3581530451774597,1.9287554025650024
18,,8321,,,,,2.0651602745056152,,1.1309828758239746,0.6988353133201599,1.4370665550231934,,,,
,0.00025,8322,,,,,,,,,,,,,
19,,8329,,,,,,1.688636064529419,,,,,,,
19,,8339,,,,,,2.6625452041625977,,,,,,,
19,,8349,,,,,,2.473750114440918,,,,,,,
19,,8359,,,,,,1.3646315336227417,,,,,,,
19,,8369,,,,,,3.0311524868011475,,,,,,,
19,,8379,,,,,,1.5426138639450073,,,,,,,
19,,8389,,,,,,1.5787158012390137,,,,,,,
19,,8399,,,,,,2.447404384613037,,,,,,,
19,,8409,,,,,,1.9055429697036743,,,,,,,
19,,8419,,,,,,1.281280755996704,,,,,,,
19,,8429,,,,,,1.1779277324676514,,,,,,,
19,,8439,,,,,,1.8616104125976562,,,,,,,
19,,8449,,,,,,1.6554450988769531,,,,,,,
19,,8459,,,,,,1.1913175582885742,,,,,,,
19,,8469,,,,,,2.0512354373931885,,,,,,,
19,,8479,,,,,,1.3034048080444336,,,,,,,
19,,8489,,,,,,1.1111345291137695,,,,,,,
19,,8499,,,,,,1.4264030456542969,,,,,,,
19,,8509,,,,,,3.623312473297119,,,,,,,
19,,8519,,,,,,1.4285821914672852,,,,,,,
19,,8529,,,,,,1.928220510482788,,,,,,,
19,,8539,,,,,,2.714991331100464,,,,,,,
19,,8549,,,,,,2.0328564643859863,,,,,,,
19,,8559,,,,,,0.3100903630256653,,,,,,,
19,,8569,,,,,,1.2117221355438232,,,,,,,
19,,8579,,,,,,2.237473726272583,,,,,,,
19,,8589,,,,,,2.543010711669922,,,,,,,
19,,8599,,,,,,0.5355132818222046,,,,,,,
19,,8609,,,,,,1.3461705446243286,,,,,,,
19,,8619,,,,,,3.9889044761657715,,,,,,,
19,,8629,,,,,,1.3515336513519287,,,,,,,
19,,8639,,,,,,0.5952913761138916,,,,,,,
19,,8649,,,,,,3.324145793914795,,,,,,,
19,,8659,,,,,,1.141788125038147,,,,,,,
19,,8669,,,,,,0.6995885372161865,,,,,,,
19,,8679,,,,,,2.326353073120117,,,,,,,
19,,8689,,,,,,5.493875503540039,,,,,,,
19,,8699,,,,,,1.4653265476226807,,,,,,,
19,,8709,,,,,,2.6313114166259766,,,,,,,
19,,8719,,,,,,2.4269094467163086,,,,,,,
19,,8729,,,,,,1.0469919443130493,,,,,,,
19,,8739,,,,,,1.2580441236495972,,,,,,,
19,,8749,,,,,,1.1726346015930176,,,,,,,
19,,8759,,,,,,2.7802464962005615,,,,,,,
19,,8759,,,,,,,,,,3.759775161743164,1.5336004495620728,0.34825071692466736,1.939013957977295
19,,8759,,,,,1.9560647010803223,,1.1008906364440918,0.7164057493209839,1.398593783378601,,,,
,0.00025,8760,,,,,,,,,,,,,
20,,8769,,,,,,2.143169403076172,,,,,,,
20,,8779,,,,,,2.3542397022247314,,,,,,,
20,,8789,,,,,,1.1473482847213745,,,,,,,
20,,8799,,,,,,2.4681077003479004,,,,,,,
20,,8809,,,,,,1.236170768737793,,,,,,,
20,,8819,,,,,,2.041897773742676,,,,,,,
20,,8829,,,,,,1.0624849796295166,,,,,,,
20,,8839,,,,,,1.0065038204193115,,,,,,,
20,,8849,,,,,,2.5370776653289795,,,,,,,
20,,8859,,,,,,1.4724676609039307,,,,,,,
20,,8869,,,,,,0.6325716376304626,,,,,,,
20,,8879,,,,,,0.6414737701416016,,,,,,,
20,,8889,,,,,,3.530027151107788,,,,,,,
20,,8899,,,,,,2.5662167072296143,,,,,,,
20,,8909,,,,,,3.4499709606170654,,,,,,,
20,,8919,,,,,,1.8343913555145264,,,,,,,
20,,8929,,,,,,0.6706011295318604,,,,,,,
20,,8939,,,,,,2.4355502128601074,,,,,,,
20,,8949,,,,,,2.1339168548583984,,,,,,,
20,,8959,,,,,,4.173213958740234,,,,,,,
20,,8969,,,,,,1.825265645980835,,,,,,,
20,,8979,,,,,,1.3338220119476318,,,,,,,
20,,8989,,,,,,2.7290782928466797,,,,,,,
20,,8999,,,,,,2.4706859588623047,,,,,,,
20,,9009,,,,,,0.8363445997238159,,,,,,,
20,,9019,,,,,,3.1466474533081055,,,,,,,
20,,9029,,,,,,4.207564353942871,,,,,,,
20,,9039,,,,,,2.2850542068481445,,,,,,,
20,,9049,,,,,,2.584157943725586,,,,,,,
20,,9059,,,,,,2.9979827404022217,,,,,,,
20,,9069,,,,,,1.279858112335205,,,,,,,
20,,9079,,,,,,1.6497163772583008,,,,,,,
20,,9089,,,,,,2.897783041000366,,,,,,,
20,,9099,,,,,,3.8354930877685547,,,,,,,
20,,9109,,,,,,0.9978560209274292,,,,,,,
20,,9119,,,,,,1.7950646877288818,,,,,,,
20,,9129,,,,,,0.9849278926849365,,,,,,,
20,,9139,,,,,,1.407792091369629,,,,,,,
20,,9149,,,,,,2.835620403289795,,,,,,,
20,,9159,,,,,,0.7678083181381226,,,,,,,
20,,9169,,,,,,0.30972230434417725,,,,,,,
20,,9179,,,,,,1.613614797592163,,,,,,,
20,,9189,,,,,,0.7307822108268738,,,,,,,
20,,9197,,,,,,,,,,4.175789833068848,1.6349183320999146,0.31227225065231323,2.0434749126434326
20,,9197,,,,,1.889815092086792,,1.0710076093673706,0.7281084656715393,1.37470543384552,,,,
,0.00025,9198,,,,,,,,,,,,,
21,,9199,,,,,,3.4696273803710938,,,,,,,
21,,9209,,,,,,1.7591991424560547,,,,,,,
21,,9219,,,,,,2.524864673614502,,,,,,,
21,,9229,,,,,,1.67545485496521,,,,,,,
21,,9239,,,,,,2.393995761871338,,,,,,,
21,,9249,,,,,,4.068083763122559,,,,,,,
21,,9259,,,,,,2.150407075881958,,,,,,,
21,,9269,,,,,,0.5093486309051514,,,,,,,
21,,9279,,,,,,1.4716687202453613,,,,,,,
21,,9289,,,,,,0.841378927230835,,,,,,,
21,,9299,,,,,,2.8989181518554688,,,,,,,
21,,9309,,,,,,3.7511749267578125,,,,,,,
21,,9319,,,,,,1.3753435611724854,,,,,,,
21,,9329,,,,,,2.610269069671631,,,,,,,
21,,9339,,,,,,1.3692209720611572,,,,,,,
21,,9349,,,,,,0.6546387672424316,,,,,,,
21,,9359,,,,,,1.7047075033187866,,,,,,,
21,,9369,,,,,,1.387256145477295,,,,,,,
21,,9379,,,,,,1.305222511291504,,,,,,,
21,,9389,,,,,,1.016596794128418,,,,,,,
21,,9399,,,,,,2.9085092544555664,,,,,,,
21,,9409,,,,,,2.5167129039764404,,,,,,,
21,,9419,,,,,,0.8231125473976135,,,,,,,
21,,9429,,,,,,1.350041151046753,,,,,,,
21,,9439,,,,,,1.0891273021697998,,,,,,,
21,,9449,,,,,,0.3981283903121948,,,,,,,
21,,9459,,,,,,6.141697883605957,,,,,,,
21,,9469,,,,,,3.498530387878418,,,,,,,
21,,9479,,,,,,3.6857504844665527,,,,,,,
21,,9489,,,,,,1.7205593585968018,,,,,,,
21,,9499,,,,,,1.2750035524368286,,,,,,,
21,,9509,,,,,,2.7925667762756348,,,,,,,
21,,9519,,,,,,1.996628999710083,,,,,,,
21,,9529,,,,,,1.2845691442489624,,,,,,,
21,,9539,,,,,,1.8134957551956177,,,,,,,
21,,9549,,,,,,2.0496888160705566,,,,,,,
21,,9559,,,,,,1.3766554594039917,,,,,,,
21,,9569,,,,,,3.8977880477905273,,,,,,,
21,,9579,,,,,,1.7720139026641846,,,,,,,
21,,9589,,,,,,0.7126320600509644,,,,,,,
21,,9599,,,,,,1.3494057655334473,,,,,,,
21,,9609,,,,,,3.7855958938598633,,,,,,,
21,,9619,,,,,,2.3916726112365723,,,,,,,
21,,9629,,,,,,2.3463988304138184,,,,,,,
21,,9635,,,,,,,,,,3.761420965194702,1.5740076303482056,0.3221060633659363,1.9394383430480957
21,,9635,,,,,1.877807378768921,,1.077290415763855,0.730117917060852,1.3703311681747437,,,,
,0.00025,9636,,,,,,,,,,,,,
22,,9639,,,,,,1.0770654678344727,,,,,,,
22,,9649,,,,,,2.7126998901367188,,,,,,,
22,,9659,,,,,,1.0603560209274292,,,,,,,
22,,9669,,,,,,10.867575645446777,,,,,,,
22,,9679,,,,,,2.5832533836364746,,,,,,,
22,,9689,,,,,,1.8365066051483154,,,,,,,
22,,9699,,,,,,5.474771022796631,,,,,,,
22,,9709,,,,,,1.557335376739502,,,,,,,
22,,9719,,,,,,1.7203928232192993,,,,,,,
22,,9729,,,,,,3.322190046310425,,,,,,,
22,,9739,,,,,,2.0061192512512207,,,,,,,
22,,9749,,,,,,1.2143406867980957,,,,,,,
22,,9759,,,,,,2.7174344062805176,,,,,,,
22,,9769,,,,,,1.5037167072296143,,,,,,,
22,,9779,,,,,,2.5858840942382812,,,,,,,
22,,9789,,,,,,3.608535051345825,,,,,,,
22,,9799,,,,,,2.5516815185546875,,,,,,,
22,,9809,,,,,,0.7638123035430908,,,,,,,
22,,9819,,,,,,1.383126139640808,,,,,,,
22,,9829,,,,,,1.4230782985687256,,,,,,,
22,,9839,,,,,,0.3056570291519165,,,,,,,
22,,9849,,,,,,0.8158120512962341,,,,,,,
22,,9859,,,,,,4.3937602043151855,,,,,,,
22,,9869,,,,,,1.3293355703353882,,,,,,,
22,,9879,,,,,,1.5879292488098145,,,,,,,
22,,9889,,,,,,2.112191915512085,,,,,,,
22,,9899,,,,,,2.200739860534668,,,,,,,
22,,9909,,,,,,1.355125904083252,,,,,,,
22,,9919,,,,,,1.5613996982574463,,,,,,,
22,,9929,,,,,,0.818494439125061,,,,,,,
22,,9939,,,,,,0.748859167098999,,,,,,,
22,,9949,,,,,,1.2358630895614624,,,,,,,
22,,9959,,,,,,0.8155776262283325,,,,,,,
22,,9969,,,,,,0.9505741000175476,,,,,,,
22,,9979,,,,,,1.7181612253189087,,,,,,,
22,,9989,,,,,,0.6424828171730042,,,,,,,
22,,9999,,,,,,1.1163628101348877,,,,,,,
22,,10009,,,,,,3.4542441368103027,,,,,,,
22,,10019,,,,,,2.114375591278076,,,,,,,
22,,10029,,,,,,1.9004135131835938,,,,,,,
22,,10039,,,,,,1.424277901649475,,,,,,,
22,,10049,,,,,,1.3110764026641846,,,,,,,
22,,10059,,,,,,3.016411542892456,,,,,,,
22,,10069,,,,,,2.4825310707092285,,,,,,,
22,,10073,,,,,,,,,,3.9717297554016113,1.6249018907546997,0.30994129180908203,1.992919921875
22,,10073,,,,,1.786417841911316,,1.0457162857055664,0.745395302772522,1.3365694284439087,,,,
,0.00025,10074,,,,,,,,,,,,,
23,,10079,,,,,,2.568208694458008,,,,,,,
23,,10089,,,,,,0.33945998549461365,,,,,,,
23,,10099,,,,,,1.312139630317688,,,,,,,
23,,10109,,,,,,0.46187806129455566,,,,,,,
23,,10119,,,,,,1.3610038757324219,,,,,,,
23,,10129,,,,,,0.9933850765228271,,,,,,,
23,,10139,,,,,,0.7836134433746338,,,,,,,
23,,10149,,,,,,1.6247978210449219,,,,,,,
23,,10159,,,,,,1.080919623374939,,,,,,,
23,,10169,,,,,,1.2617223262786865,,,,,,,
23,,10179,,,,,,6.989133834838867,,,,,,,
23,,10189,,,,,,1.105573058128357,,,,,,,
23,,10199,,,,,,7.423707008361816,,,,,,,
23,,10209,,,,,,2.141277313232422,,,,,,,
23,,10219,,,,,,1.4733384847640991,,,,,,,
23,,10229,,,,,,1.0370619297027588,,,,,,,
23,,10239,,,,,,2.0202736854553223,,,,,,,
23,,10249,,,,,,0.7220864295959473,,,,,,,
23,,10259,,,,,,2.6873576641082764,,,,,,,
23,,10269,,,,,,1.9757351875305176,,,,,,,
23,,10279,,,,,,1.4336377382278442,,,,,,,
23,,10289,,,,,,0.7746914029121399,,,,,,,
23,,10299,,,,,,4.808530807495117,,,,,,,
23,,10309,,,,,,1.4718631505966187,,,,,,,
23,,10319,,,,,,3.061065912246704,,,,,,,
23,,10329,,,,,,1.9201247692108154,,,,,,,
23,,10339,,,,,,4.790505409240723,,,,,,,
23,,10349,,,,,,1.275699257850647,,,,,,,
23,,10359,,,,,,2.344745635986328,,,,,,,
23,,10369,,,,,,0.726782500743866,,,,,,,
23,,10379,,,,,,2.5885629653930664,,,,,,,
23,,10389,,,,,,0.4977830648422241,,,,,,,
23,,10399,,,,,,0.4740387499332428,,,,,,,
23,,10409,,,,,,1.365161418914795,,,,,,,
23,,10419,,,,,,1.1401605606079102,,,,,,,
23,,10429,,,,,,1.8380019664764404,,,,,,,
23,,10439,,,,,,2.0280086994171143,,,,,,,
23,,10449,,,,,,2.0686047077178955,,,,,,,
23,,10459,,,,,,0.5821739435195923,,,,,,,
23,,10469,,,,,,1.723642110824585,,,,,,,
23,,10479,,,,,,0.9380239248275757,,,,,,,
23,,10489,,,,,,3.617313861846924,,,,,,,
23,,10499,,,,,,1.8061766624450684,,,,,,,
23,,10509,,,,,,0.7769439220428467,,,,,,,
23,,10511,,,,,,,,,,3.8145625591278076,1.5766980648040771,0.3385494351387024,1.9530905485153198
23,,10511,,,,,1.8327971696853638,,1.052632212638855,0.7388138175010681,1.3538084030151367,,,,
,0.00025,10512,,,,,,,,,,,,,
24,,10519,,,,,,1.9218485355377197,,,,,,,
24,,10529,,,,,,1.8067166805267334,,,,,,,
24,,10539,,,,,,0.8099988698959351,,,,,,,
24,,10549,,,,,,2.245896816253662,,,,,,,
24,,10559,,,,,,1.060292363166809,,,,,,,
24,,10569,,,,,,3.377871513366699,,,,,,,
24,,10579,,,,,,3.481811285018921,,,,,,,
24,,10589,,,,,,1.4998515844345093,,,,,,,
24,,10599,,,,,,1.3652539253234863,,,,,,,
24,,10609,,,,,,2.016204357147217,,,,,,,
24,,10619,,,,,,2.285595178604126,,,,,,,
24,,10629,,,,,,1.9864344596862793,,,,,,,
24,,10639,,,,,,1.493870735168457,,,,,,,
24,,10649,,,,,,1.4757053852081299,,,,,,,
24,,10659,,,,,,1.2550437450408936,,,,,,,
24,,10669,,,,,,0.8652583956718445,,,,,,,
24,,10679,,,,,,0.968947172164917,,,,,,,
24,,10689,,,,,,0.9387024641036987,,,,,,,
24,,10699,,,,,,1.3054832220077515,,,,,,,
24,,10709,,,,,,3.0466604232788086,,,,,,,
24,,10719,,,,,,1.7073131799697876,,,,,,,
24,,10729,,,,,,1.1877479553222656,,,,,,,
24,,10739,,,,,,0.9266359806060791,,,,,,,
24,,10749,,,,,,1.2798057794570923,,,,,,,
24,,10759,,,,,,2.9106812477111816,,,,,,,
24,,10769,,,,,,0.8476669192314148,,,,,,,
24,,10779,,,,,,1.0886207818984985,,,,,,,
24,,10789,,,,,,2.963615655899048,,,,,,,
24,,10799,,,,,,0.6114206910133362,,,,,,,
24,,10809,,,,,,1.614931344985962,,,,,,,
24,,10819,,,,,,0.6223132014274597,,,,,,,
24,,10829,,,,,,1.069993495941162,,,,,,,
24,,10839,,,,,,1.1032198667526245,,,,,,,
24,,10849,,,,,,0.9565540552139282,,,,,,,
24,,10859,,,,,,1.4266719818115234,,,,,,,
24,,10869,,,,,,0.695112943649292,,,,,,,
24,,10879,,,,,,2.8966948986053467,,,,,,,
24,,10889,,,,,,2.7018237113952637,,,,,,,
24,,10899,,,,,,1.2896226644515991,,,,,,,
24,,10909,,,,,,1.6014872789382935,,,,,,,
24,,10919,,,,,,1.51224684715271,,,,,,,
24,,10929,,,,,,2.721452236175537,,,,,,,
24,,10939,,,,,,1.962145209312439,,,,,,,
24,,10949,,,,,,2.3192479610443115,,,,,,,
24,,10949,,,,,,,,,,3.4847521781921387,1.4969202280044556,0.39330795407295227,1.8667490482330322
24,,10949,,,,,1.7113629579544067,,1.0192744731903076,0.7577090859413147,1.3081907033920288,,,,
,0.000125,10950,,,,,,,,,,,,,
25,,10959,,,,,,1.2533247470855713,,,,,,,
25,,10969,,,,,,2.029052972793579,,,,,,,
25,,10979,,,,,,1.0072325468063354,,,,,,,
25,,10989,,,,,,0.725879430770874,,,,,,,
25,,10999,,,,,,2.95314359664917,,,,,,,
25,,11009,,,,,,0.5870030522346497,,,,,,,
25,,11019,,,,,,2.9810938835144043,,,,,,,
25,,11029,,,,,,1.064043402671814,,,,,,,
25,,11039,,,,,,0.8250070810317993,,,,,,,
25,,11049,,,,,,0.9509122371673584,,,,,,,
25,,11059,,,,,,4.480559349060059,,,,,,,
25,,11069,,,,,,1.1575475931167603,,,,,,,
25,,11079,,,,,,0.4552512764930725,,,,,,,
25,,11089,,,,,,1.1685408353805542,,,,,,,
25,,11099,,,,,,4.49247407913208,,,,,,,
25,,11109,,,,,,1.5359411239624023,,,,,,,
25,,11119,,,,,,1.8249638080596924,,,,,,,
25,,11129,,,,,,1.2016987800598145,,,,,,,
25,,11139,,,,,,1.7165417671203613,,,,,,,
25,,11149,,,,,,3.032691478729248,,,,,,,
25,,11159,,,,,,1.1801096200942993,,,,,,,
25,,11169,,,,,,0.6320504546165466,,,,,,,
25,,11179,,,,,,0.7856236100196838,,,,,,,
25,,11189,,,,,,3.326683759689331,,,,,,,
25,,11199,,,,,,1.6033365726470947,,,,,,,
25,,11209,,,,,,1.2482646703720093,,,,,,,
25,,11219,,,,,,1.145082950592041,,,,,,,
25,,11229,,,,,,1.8131217956542969,,,,,,,
25,,11239,,,,,,1.023868441581726,,,,,,,
25,,11249,,,,,,3.660867691040039,,,,,,,
25,,11259,,,,,,1.1352300643920898,,,,,,,
25,,11269,,,,,,1.3179142475128174,,,,,,,
25,,11279,,,,,,0.4622831344604492,,,,,,,
25,,11289,,,,,,0.693321168422699,,,,,,,
25,,11299,,,,,,2.0010738372802734,,,,,,,
25,,11309,,,,,,0.6543892025947571,,,,,,,
25,,11319,,,,,,1.0530210733413696,,,,,,,
25,,11329,,,,,,0.731228768825531,,,,,,,
25,,11339,,,,,,1.4110188484191895,,,,,,,
25,,11349,,,,,,2.9972615242004395,,,,,,,
25,,11359,,,,,,1.3943636417388916,,,,,,,
25,,11369,,,,,,1.4092180728912354,,,,,,,
25,,11379,,,,,,0.680350661277771,,,,,,,
25,,11387,,,,,,,,,,4.298811435699463,1.63947331905365,0.327684223651886,2.073357582092285
25,,11387,,,,,1.5171617269515991,,0.9566101431846619,0.7883698344230652,1.2317311763763428,,,,
,0.000125,11388,,,,,,,,,,,,,
26,,11389,,,,,,3.390469789505005,,,,,,,
26,,11399,,,,,,0.8855173587799072,,,,,,,
26,,11409,,,,,,2.0625662803649902,,,,,,,
26,,11419,,,,,,1.1353180408477783,,,,,,,
26,,11429,,,,,,0.14323550462722778,,,,,,,
26,,11439,,,,,,0.42120224237442017,,,,,,,
26,,11449,,,,,,1.3411433696746826,,,,,,,
26,,11459,,,,,,1.1296117305755615,,,,,,,
26,,11469,,,,,,0.6712194681167603,,,,,,,
26,,11479,,,,,,2.987679958343506,,,,,,,
26,,11489,,,,,,1.3495399951934814,,,,,,,
26,,11499,,,,,,1.7521058320999146,,,,,,,
26,,11509,,,,,,2.1550416946411133,,,,,,,
26,,11519,,,,,,2.0777928829193115,,,,,,,
26,,11529,,,,,,1.2869831323623657,,,,,,,
26,,11539,,,,,,1.4061859846115112,,,,,,,
26,,11549,,,,,,1.6081622838974,,,,,,,
26,,11559,,,,,,0.3922603130340576,,,,,,,
26,,11569,,,,,,2.056128978729248,,,,,,,
26,,11579,,,,,,0.9502438306808472,,,,,,,
26,,11589,,,,,,0.7019277811050415,,,,,,,
26,,11599,,,,,,2.0627126693725586,,,,,,,
26,,11609,,,,,,0.9767087697982788,,,,,,,
26,,11619,,,,,,1.379504680633545,,,,,,,
26,,11629,,,,,,3.634355306625366,,,,,,,
26,,11639,,,,,,1.7921216487884521,,,,,,,
26,,11649,,,,,,1.9151276350021362,,,,,,,
26,,11659,,,,,,1.0145456790924072,,,,,,,
26,,11669,,,,,,1.3122340440750122,,,,,,,
26,,11679,,,,,,1.0639450550079346,,,,,,,
26,,11689,,,,,,1.7371821403503418,,,,,,,
26,,11699,,,,,,1.6221890449523926,,,,,,,
26,,11709,,,,,,2.634091377258301,,,,,,,
26,,11719,,,,,,0.6434129476547241,,,,,,,
26,,11729,,,,,,0.8458765149116516,,,,,,,
26,,11739,,,,,,2.5603480339050293,,,,,,,
26,,11749,,,,,,1.022071123123169,,,,,,,
26,,11759,,,,,,1.0541176795959473,,,,,,,
26,,11769,,,,,,1.894310474395752,,,,,,,
26,,11779,,,,,,1.772917628288269,,,,,,,
26,,11789,,,,,,0.7779626846313477,,,,,,,
26,,11799,,,,,,0.8637040257453918,,,,,,,
26,,11809,,,,,,1.0938987731933594,,,,,,,
26,,11819,,,,,,0.6460810303688049,,,,,,,
26,,11825,,,,,,,,,,4.197360038757324,1.6544840335845947,0.27729547023773193,2.04874587059021
26,,11825,,,,,1.4796637296676636,,0.9432634115219116,0.795017421245575,1.2164143323898315,,,,
,0.000125,11826,,,,,,,,,,,,,
27,,11829,,,,,,1.3093795776367188,,,,,,,
27,,11839,,,,,,1.3053096532821655,,,,,,,
27,,11849,,,,,,0.7174051403999329,,,,,,,
27,,11859,,,,,,1.10686194896698,,,,,,,
27,,11869,,,,,,0.7248349189758301,,,,,,,
27,,11879,,,,,,2.000749111175537,,,,,,,
27,,11889,,,,,,1.1693828105926514,,,,,,,
27,,11899,,,,,,3.0104846954345703,,,,,,,
27,,11909,,,,,,1.1711376905441284,,,,,,,
27,,11919,,,,,,2.580921173095703,,,,,,,
27,,11929,,,,,,0.5556219816207886,,,,,,,
27,,11939,,,,,,4.046069622039795,,,,,,,
27,,11949,,,,,,1.0057590007781982,,,,,,,
27,,11959,,,,,,1.2368099689483643,,,,,,,
27,,11969,,,,,,1.1338424682617188,,,,,,,
27,,11979,,,,,,1.3176066875457764,,,,,,,
27,,11989,,,,,,1.737380027770996,,,,,,,
27,,11999,,,,,,1.2088161706924438,,,,,,,
27,,12009,,,,,,2.585294246673584,,,,,,,
27,,12019,,,,,,0.6648329496383667,,,,,,,
27,,12029,,,,,,1.5514392852783203,,,,,,,
27,,12039,,,,,,1.5665489435195923,,,,,,,
27,,12049,,,,,,2.4192123413085938,,,,,,,
27,,12059,,,,,,1.8984076976776123,,,,,,,
27,,12069,,,,,,3.298920154571533,,,,,,,
27,,12079,,,,,,2.1176719665527344,,,,,,,
27,,12089,,,,,,1.654012680053711,,,,,,,
27,,12099,,,,,,1.631272792816162,,,,,,,
27,,12109,,,,,,2.0437874794006348,,,,,,,
27,,12119,,,,,,0.8172647953033447,,,,,,,
27,,12129,,,,,,1.4476490020751953,,,,,,,
27,,12139,,,,,,2.234781503677368,,,,,,,
27,,12149,,,,,,3.232025384902954,,,,,,,
27,,12159,,,,,,2.0447773933410645,,,,,,,
27,,12169,,,,,,1.0717517137527466,,,,,,,
27,,12179,,,,,,0.8973225355148315,,,,,,,
27,,12189,,,,,,2.1295700073242188,,,,,,,
27,,12199,,,,,,0.4909553527832031,,,,,,,
27,,12209,,,,,,3.439222812652588,,,,,,,
27,,12219,,,,,,0.5954488515853882,,,,,,,
27,,12229,,,,,,1.1724729537963867,,,,,,,
27,,12239,,,,,,0.4533342123031616,,,,,,,
27,,12249,,,,,,1.2616996765136719,,,,,,,
27,,12259,,,,,,0.16218554973602295,,,,,,,
27,,12263,,,,,,,,,,4.112984657287598,1.6327767372131348,0.30567803978919983,2.0280494689941406
27,,12263,,,,,1.4613991975784302,,0.9386464953422546,0.7976876497268677,1.2088834047317505,,,,
28,,12264,2.3361618518829346,1.2347677946090698,0.42513880133628845,1.528450846672058,,,,,,,,,
